{
  "meta": {
    "report_title": "2025 年华南地区新能源数据分析报告",
    "generated_at": "2026-04-01T02:00:18.162912",
    "data_source": "config.py",
    "version": "3.0"
  },
  "statistics": {
    "广东": {
      "年总计": 711.3,
      "月平均": 59.275,
      "最大值": 78.5,
      "最小值": 42.8,
      "标准差": 12.219664820826033,
      "峰值月份": "7 月",
      "谷值月份": "2 月",
      "占比": 48.97
    },
    "广西": {
      "年总计": 484.0,
      "月平均": 40.333333333333336,
      "最大值": 55.8,
      "最小值": 26.5,
      "标准差": 10.300431490422568,
      "峰值月份": "7 月",
      "谷值月份": "2 月",
      "占比": 33.32
    },
    "海南": {
      "年总计": 257.2,
      "月平均": 21.433333333333337,
      "最大值": 30.2,
      "最小值": 12.5,
      "标准差": 6.425643072011461,
      "峰值月份": "7 月",
      "谷值月份": "1 月",
      "占比": 17.71
    },
    "总计": {
      "年总计": 1452.5,
      "月平均": 121.04166666666667,
      "最大值": 164.5,
      "最小值": 82.5,
      "峰值月份": "7 月",
      "谷值月份": "2 月"
    }
  },
  "growth_analysis": {
    "广东": {
      "月度环比": [
        "N/A",
        -5.31,
        21.73,
        12.48,
        11.43,
        10.41,
        8.88,
        -2.93,
        -10.24,
        -13.89,
        -17.32,
        -8.62
      ],
      "平均增长率": 0.6,
      "最高增长月份": "3 月"
    },
    "广西": {
      "月度环比": [
        "N/A",
        -6.36,
        32.83,
        19.6,
        15.44,
        7.61,
        6.69,
        -4.66,
        -14.29,
        -15.79,
        -21.35,
        -7.95
      ],
      "平均增长率": 1.07,
      "最高增长月份": "3 月"
    },
    "海南": {
      "月度环比": [
        "N/A",
        5.6,
        40.91,
        20.43,
        19.64,
        6.34,
        5.96,
        -1.32,
        -14.09,
        -20.7,
        -22.17,
        -14.56
      ],
      "平均增长率": 2.37,
      "最高增长月份": "3 月"
    }
  },
  "seasonal_analysis": {
    "广东": {
      "春季": 58.67,
      "夏季": 75.6,
      "秋季": 58.67,
      "冬季": 44.17
    },
    "广西": {
      "春季": 41.97,
      "夏季": 53.77,
      "秋季": 38.07,
      "冬季": 27.53
    },
    "海南": {
      "春季": 22.6,
      "夏季": 29.5,
      "秋季": 20.57,
      "冬季": 13.07
    }
  },
  "carbon_reduction": {
    "广东": {
      "发电量 (亿 kWh)": 711.3,
      "碳减排量 (万吨 CO2)": 0.57,
      "等效植树 (万棵)": 31.3
    },
    "广西": {
      "发电量 (亿 kWh)": 484.0,
      "碳减排量 (万吨 CO2)": 0.39,
      "等效植树 (万棵)": 21.3
    },
    "海南": {
      "发电量 (亿 kWh)": 257.2,
      "碳减排量 (万吨 CO2)": 0.21,
      "等效植树 (万棵)": 11.32
    },
    "总计": {
      "发电量 (亿 kWh)": 1452.5,
      "碳减排量 (万吨 CO2)": 1.16,
      "等效植树 (万棵)": 63.91
    }
  }
}